{"is_source_file": false, "format": "", "description": "", "external_files": [], "external_methods": [], "published": [], "classes": [], "methods": [], "calls": [], "search-terms": [], "state": 2, "file_id": 1, "knowledge_revision": 20, "git_revision": "45de59c621f4c5870c624441d9ec990beb331ccd", "hash": "5a6694e3248a8b5c380c76e47d85cde4", "format-version": 4, "code-base-name": "voice_assistant_frontend", "filename": "README.md", "revision_history": [{"20": "45de59c621f4c5870c624441d9ec990beb331ccd"}]}