{"is_source_file": false, "format": "", "description": "", "external_files": [], "external_methods": [], "published": [], "classes": [], "methods": [], "calls": [], "search-terms": [], "state": 2, "file_id": 18, "knowledge_revision": 31, "git_revision": "35407733ca5d9b345fc21a83bd02c1c2ca03a738", "hash": "66d03d7647c8e438164feaf5b922d44a", "format-version": 4, "code-base-name": "voice_assistant_frontend", "filename": "voice_assistant_frontend/analysis_options.yaml", "revision_history": [{"31": "35407733ca5d9b345fc21a83bd02c1c2ca03a738"}]}