{"is_source_file": false, "format": "", "description": "", "external_files": [], "external_methods": [], "published": [], "classes": [], "methods": [], "calls": [], "search-terms": [], "state": 2, "file_id": 10, "knowledge_revision": 29, "git_revision": "35407733ca5d9b345fc21a83bd02c1c2ca03a738", "hash": "58b48ec178bde5aad76063577172ad24", "format-version": 4, "code-base-name": "voice_assistant_frontend", "filename": "voice_assistant_frontend/android/app/src/main/res/values/styles.xml", "revision_history": [{"29": "35407733ca5d9b345fc21a83bd02c1c2ca03a738"}]}