{"is_source_file": false, "format": "", "description": "", "external_files": [], "external_methods": [], "published": [], "classes": [], "methods": [], "calls": [], "search-terms": ["Flutter", "README.md", "voice_assistant_frontend"], "state": 2, "file_id": 2, "knowledge_revision": 21, "git_revision": "35407733ca5d9b345fc21a83bd02c1c2ca03a738", "hash": "d17579072f834d332aa8f12a7c565a9f", "format-version": 4, "code-base-name": "voice_assistant_frontend", "filename": "voice_assistant_frontend/README.md", "revision_history": [{"21": "35407733ca5d9b345fc21a83bd02c1c2ca03a738"}]}