{"is_source_file": false, "format": "", "description": "", "external_files": [], "external_methods": [], "published": [], "classes": [], "methods": [], "calls": [], "search-terms": [], "state": 2, "file_id": 13, "knowledge_revision": 27, "git_revision": "35407733ca5d9b345fc21a83bd02c1c2ca03a738", "hash": "feddd27a2f77ef486e2b7a420b1de43d", "format-version": 4, "code-base-name": "voice_assistant_frontend", "filename": "voice_assistant_frontend/android/app/src/main/res/values-night/styles.xml", "revision_history": [{"27": "35407733ca5d9b345fc21a83bd02c1c2ca03a738"}]}