{"is_source_file": true, "format": "Dart", "description": "This is the main source file for a Flutter application, defining the app's entry point, main widget, and home page with a loading indicator.", "external_files": ["package:flutter/material.dart"], "external_methods": ["runApp", "MaterialApp", "ThemeData", "ColorScheme.fromSeed", "Colors.blue", "StatelessWidget", "build", "StatefulWidget", "createState", "Theme.of", "Scaffold", "AppBar", "Text", "SizedBox", "CircularProgressIndicator"], "published": ["main", "MyApp", "MyHomePage", "_MyHomePageState"], "classes": [{"name": "MyApp", "description": "Root widget of the application, sets up the MaterialApp theme and home page."}, {"name": "MyHomePage", "description": "Stateful widget representing the home page, with a title property."}, {"name": "_MyHomePageState", "description": "State class for MyHomePage, builds the Scaffold with AppBar and loading indicator."}], "methods": [{"name": "main", "description": "Application entry point, calls runApp with MyApp."}, {"name": "build", "description": "Build method for MyApp and _MyHomePageState, returning widget trees."}, {"name": "createState", "description": "Creates the mutable state for MyHomePage."}], "calls": ["runApp", "MaterialApp", "ThemeData", "ColorScheme.fromSeed", "Theme.of", "Scaffold", "AppBar", "Text", "SizedBox", "CircularProgressIndicator"], "search-terms": ["Flutter main widget", "app theme setup", "home page with progress indicator", "MaterialApp configuration", "StatefulWidget state", "StatelessWidget build method"], "state": 2, "file_id": 4, "knowledge_revision": 36, "git_revision": "", "hash": "bc6bda40c76b73066000be27909ef172", "format-version": 4, "code-base-name": "voice_assistant_frontend", "filename": "voice_assistant_frontend/lib/main.dart", "revision_history": [{"36": ""}]}