{"is_source_file": true, "format": "Kotlin", "description": "This source file defines the MainActivity class for an Android app using Flutter, extending FlutterActivity to embed Flutter content within an Android activity.", "external_files": ["io.flutter.embedding.android.FlutterActivity"], "external_methods": [], "published": ["com.example.voice_assistant_frontend.MainActivity"], "classes": [{"name": "MainActivity", "description": "An Android activity class that integrates Flutter content into the app by extending FlutterActivity."}], "methods": [{"name": "MainActivity", "description": "Constructor for the MainActivity class; defaults to the superclass constructor."}], "calls": ["FlutterActivity()"], "search-terms": ["MainActivity", "FlutterActivity", "Kotlin Android", "Flutter integration", "voice assistant Android app"], "state": 2, "file_id": 14, "knowledge_revision": 34, "git_revision": "35407733ca5d9b345fc21a83bd02c1c2ca03a738", "hash": "6dc8eda0bbdf494c7afdcfb2abab4449", "format-version": 4, "code-base-name": "voice_assistant_frontend", "filename": "voice_assistant_frontend/android/app/src/main/kotlin/com/example/voice_assistant_frontend/MainActivity.kt", "revision_history": [{"34": "35407733ca5d9b345fc21a83bd02c1c2ca03a738"}]}