{"is_source_file": true, "format": "Java", "description": "Generated class for registering Flutter plugins in an Android app; serves as a boilerplate generated file to register plugins with FlutterEngine.", "external_files": ["android/app/src/main/java/io/flutter/plugins/GeneratedPluginRegistrant.java"], "external_methods": ["registerWith"], "published": ["GeneratedPluginRegistrant"], "classes": [{"name": "GeneratedPluginRegistrant", "description": "Holds the static method to register plugins with FlutterEngine"}], "methods": [{"name": "registerWith", "description": "Method to register plugins with the provided FlutterEngine instance; currently empty as plugins are auto-registered."}], "calls": [], "search-terms": ["GeneratedPluginRegistrant", "registerWith", "FlutterEngine", "plugin registration", "auto-generated", "Android Flutter plugins"], "state": 2, "file_id": 15, "knowledge_revision": 35, "git_revision": "", "hash": "5b3b418ce50367c33bded3c0df06d47f", "format-version": 4, "code-base-name": "voice_assistant_frontend", "filename": "voice_assistant_frontend/android/app/src/main/java/io/flutter/plugins/GeneratedPluginRegistrant.java", "revision_history": [{"35": ""}]}