{"is_source_file": false, "format": "", "description": "", "external_files": [], "external_methods": [], "published": [], "classes": [], "methods": [], "calls": [], "search-terms": [], "state": 2, "file_id": 9, "knowledge_revision": 33, "git_revision": "35407733ca5d9b345fc21a83bd02c1c2ca03a738", "hash": "114f95e6fb7413d8dfa944a9640f458a", "format-version": 4, "code-base-name": "voice_assistant_frontend", "filename": "voice_assistant_frontend/android/app/src/main/AndroidManifest.xml", "revision_history": [{"33": "35407733ca5d9b345fc21a83bd02c1c2ca03a738"}]}