{"is_source_file": false, "format": "", "description": "", "external_files": [], "external_methods": [], "published": [], "classes": [], "methods": [], "calls": [], "search-terms": [], "state": 2, "file_id": 5, "knowledge_revision": 23, "git_revision": "35407733ca5d9b345fc21a83bd02c1c2ca03a738", "hash": "e9b53a6fcbf3ed741feaff8feb7b6fca", "format-version": 4, "code-base-name": "voice_assistant_frontend", "filename": "voice_assistant_frontend/pubspec.yaml", "revision_history": [{"23": "35407733ca5d9b345fc21a83bd02c1c2ca03a738"}]}