{"is_source_file": false, "format": "", "description": "", "external_files": [], "external_methods": [], "published": [], "classes": [], "methods": [], "calls": [], "search-terms": [], "state": 2, "file_id": 16, "knowledge_revision": 32, "git_revision": "35407733ca5d9b345fc21a83bd02c1c2ca03a738", "hash": "699579880a795350891cafc998a3ec79", "format-version": 4, "code-base-name": "voice_assistant_frontend", "filename": "voice_assistant_frontend/android/build.gradle.kts", "revision_history": [{"32": "35407733ca5d9b345fc21a83bd02c1c2ca03a738"}]}