{"is_source_file": false, "format": "", "description": "", "external_files": [], "external_methods": [], "published": [], "classes": [], "methods": [], "calls": [], "search-terms": [], "state": 2, "file_id": 11, "knowledge_revision": 28, "git_revision": "35407733ca5d9b345fc21a83bd02c1c2ca03a738", "hash": "ab00f2bfdce1a5187d1ba31e9e68b921", "format-version": 4, "code-base-name": "voice_assistant_frontend", "filename": "voice_assistant_frontend/android/app/src/main/res/drawable-v21/launch_background.xml", "revision_history": [{"28": "35407733ca5d9b345fc21a83bd02c1c2ca03a738"}]}