{"is_source_file": false, "format": "", "description": "", "external_files": [], "external_methods": [], "published": [], "classes": [], "methods": [], "calls": [], "search-terms": [], "state": 2, "file_id": 8, "knowledge_revision": 22, "git_revision": "35407733ca5d9b345fc21a83bd02c1c2ca03a738", "hash": "ac1dad6fec40014c3c6cbbd849a880dc", "format-version": 4, "code-base-name": "voice_assistant_frontend", "filename": "voice_assistant_frontend/android/app/src/profile/AndroidManifest.xml", "revision_history": [{"22": "35407733ca5d9b345fc21a83bd02c1c2ca03a738"}]}