{"is_source_file": false, "format": null, "description": "", "external_files": [], "external_methods": [], "published": [], "classes": [], "methods": [], "calls": [], "search-terms": [], "state": 2, "file_id": 12, "knowledge_revision": 30, "git_revision": "35407733ca5d9b345fc21a83bd02c1c2ca03a738", "hash": "79c59c987bd2e693cd741ec3035ef383", "format-version": 4, "code-base-name": "voice_assistant_frontend", "filename": "voice_assistant_frontend/android/app/src/main/res/drawable/launch_background.xml", "revision_history": [{"30": "35407733ca5d9b345fc21a83bd02c1c2ca03a738"}]}