{"is_source_file": true, "format": "Kotlin script (Gradle Kotlin DSL)", "description": "This is a Gradle settings script for an Android project using Kotlin DSL, configuring plugin management, repositories, and module inclusion.", "external_files": ["local.properties"], "external_methods": ["file()", "properties.load()", "require()", "includeBuild()", "google()", "mavenCentral()", "gradlePluginPortal()", "id()", "apply()"], "published": [], "classes": [], "methods": [{"name": "run", "description": "Executes a block of code to determine the path to the Flutter SDK."}, {"name": "properties.getProperty", "description": "Retrieves a property value from the loaded properties."}], "calls": ["file().inputStream()", "properties.load()", "require()", "includeBuild()", "google()", "mavenCentral()", "gradlePluginPortal()", "id()", "apply()"], "search-terms": ["settings.gradle.kts", "pluginManagement", "flutterSdkPath", "local.properties", "includeBuild", "gradlePlugins", "android", "kotlin"], "state": 2, "file_id": 17, "knowledge_revision": 37, "git_revision": "35407733ca5d9b345fc21a83bd02c1c2ca03a738", "hash": "683f9ca2f32a701ed1517715bf394e23", "format-version": 4, "code-base-name": "voice_assistant_frontend", "filename": "voice_assistant_frontend/android/settings.gradle.kts", "revision_history": [{"37": "35407733ca5d9b345fc21a83bd02c1c2ca03a738"}]}