{"is_source_file": false, "format": "", "description": "", "external_files": [], "external_methods": [], "published": [], "classes": [], "methods": [], "calls": [], "search-terms": [], "state": 2, "file_id": 6, "knowledge_revision": 24, "git_revision": "35407733ca5d9b345fc21a83bd02c1c2ca03a738", "hash": "d8a6589d120077bbc363b8001839373c", "format-version": 4, "code-base-name": "voice_assistant_frontend", "filename": "voice_assistant_frontend/android/app/build.gradle.kts", "revision_history": [{"24": "35407733ca5d9b345fc21a83bd02c1c2ca03a738"}]}